message_id,creation_time,source,destination,size,true_priority,predicted_priority,tweet_id
HM1,44,21,66,144841,4,4,592645001957408769
HM2,89,53,67,349403,3,2,592158813391720448
HM3,142,57,75,309675,1,1,592742935910850562
HM4,201,25,61,158799,3,2,592312120894627840
HM5,232,14,67,134611,3,3,593148336435236864
HM6,266,15,61,420844,3,3,592931363667345408
HM7,321,15,75,132990,3,2,592700281210720257
HM8,380,1,67,188404,1,1,593797959692754945
HM9,417,34,60,411603,4,4,592863475426316289
HM10,456,17,74,290273,4,4,592251563558752258
HM11,512,37,79,238913,1,1,591989267968167936
HM12,555,46,66,196112,3,3,593110945095929856
HM13,593,17,64,276041,4,4,593106744517099520
HM14,648,1,73,405435,3,2,592897910574055424
HM15,685,34,69,181071,3,3,593830138816679936
HM16,727,9,60,200456,1,1,592883809391083520
HM17,776,37,78,201027,1,1,592700771273187328
HM18,823,18,62,204873,3,3,592910523353669632
HM19,855,51,65,140398,1,1,592751611631513601
HM20,885,31,67,104870,3,3,592378631738949632
HM21,941,40,64,451644,3,4,592645260880281600
HM22,994,21,71,459935,4,4,592121096326881280
HM23,1049,24,79,214313,1,1,592171131743776768
HM24,1095,52,74,113438,4,4,592251762196750336
HM25,1150,34,78,262550,3,3,593807504548704256
HM26,1190,12,69,225834,2,2,592681522446147586
HM27,1234,6,70,481973,4,4,592666339547938818
HM28,1288,33,67,358803,3,3,593798264304041984
HM29,1321,49,61,180437,3,3,593305362746322944
HM30,1360,46,73,232834,3,3,593317620113276929
HM31,1393,3,72,101950,3,3,592763161259986945
HM32,1437,55,60,338883,1,1,592756339530702849
HM33,1497,42,65,220232,2,2,593082426298994689
HM34,1531,52,60,245826,4,3,592174200460341249
HM35,1572,59,64,403530,4,4,592184148975980544
HM36,1614,8,74,451981,3,3,592810687715500032
HM37,1672,2,78,387677,3,2,592332699869806592
HM38,1708,47,74,163591,4,4,592344826143604736
HM39,1753,58,72,433973,1,1,592313801447452672
HM40,1791,40,78,107364,2,2,593463828576342019
HM41,1821,51,68,160254,3,3,593604958769061888
HM42,1874,25,68,139880,3,3,591905667750866944
HM43,1905,53,61,254741,1,1,592140023211819008
HM44,1943,1,69,309597,3,3,592342994562490368
HM45,1988,5,67,224554,2,3,592667138768379904
HM46,2033,10,70,336908,3,3,592902025991561216
HM47,2066,17,77,484144,4,4,592339843537047552
HM48,2126,44,62,433561,4,4,593691981345202176
HM49,2179,18,66,278903,4,4,593342081453707265
HM50,2238,5,63,481860,3,3,592640033875632128
HM51,2270,55,66,331138,2,1,592244109898850305
HM52,2322,18,66,260522,3,4,593640712068968448
HM53,2361,55,72,168101,3,3,592344928111329280
HM54,2407,15,73,429478,3,3,592696711799250944
HM55,2465,41,65,118608,4,4,592652666901168128
HM56,2503,44,65,262068,3,3,593302157639585792
HM57,2555,37,71,453848,3,3,592342796939304961
HM58,2589,21,75,248263,4,3,592272935815127041
HM59,2628,38,75,332124,2,2,592320522660106240
HM60,2688,5,67,153077,4,4,592344667942825984
HM61,2731,21,65,399562,3,3,592340548482048000
HM62,2776,22,64,447462,3,3,592346761919889408
HM63,2815,51,69,113829,4,2,593460334532374528
HM64,2848,19,71,234443,3,3,593805450937696256
HM65,2891,10,71,457855,3,3,593435492768583682
HM66,2940,43,77,358677,3,3,592945195605467136
HM67,2984,28,67,300291,3,3,592343803979124737
HM68,3038,19,69,306866,3,3,592612974302367744
HM69,3079,50,64,102691,1,1,592173693167480832
HM70,3128,41,68,498736,3,4,592334866823294977
HM71,3181,18,62,259973,3,3,593032908702621696
HM72,3239,32,69,202253,3,3,592972521894387713
HM73,3282,57,71,354985,3,3,593097742978789376
HM74,3313,53,61,320600,2,2,593152820607643649
HM75,3365,49,78,181368,3,3,592343900179730432
HM76,3411,44,60,415853,3,3,597666520702025728
HM77,3468,37,60,249931,4,4,592349417115553792
HM78,3512,24,61,176432,2,2,593688748820471808
HM79,3553,10,77,444715,3,3,591989932438073344
HM80,3584,29,75,429270,1,1,592648766169026561
HM81,3628,25,79,476406,4,4,592312284975792130
HM82,3677,28,72,323268,1,1,592332945320382464
HM83,3730,11,70,310200,4,3,593444013878874114
HM84,3786,52,67,141407,2,2,592326613578067969
HM85,3822,10,79,392978,1,1,592781004038889472
HM86,3870,8,72,487223,1,1,591933335158403072
HM87,3924,21,74,286407,1,1,593070854377906177
HM88,3962,25,68,264741,3,3,592869879092482050
HM89,4002,7,70,223736,3,3,593301158950805504
HM90,4058,32,76,290162,1,1,592087968031969280
HM91,4106,14,69,147651,3,3,592141073071349760
HM92,4151,26,73,413785,3,3,592337847937544192
HM93,4201,7,69,329818,4,4,592390506690150403
HM94,4246,35,75,485855,3,3,592894785955966976
HM95,4306,39,73,171512,2,3,592601585475145728
HM96,4359,29,72,198215,3,3,591939569093713920
HM97,4390,13,64,175307,3,3,592293901278572544
HM98,4424,24,65,154466,3,3,592324159067197440
HM99,4470,51,74,355131,3,3,593331668200476672
HM100,4525,41,64,397893,1,1,592277759575105536
HM101,4557,3,69,326839,1,1,592087835450220544
HM102,4608,19,69,370815,3,2,592950352883916800
HM103,4661,37,73,112234,4,4,591973820002476032
HM104,4715,36,61,278608,3,3,592339203234619392
HM105,4772,1,78,145142,2,1,592691422144417792
HM106,4807,43,68,359043,3,2,592321947624550400
HM107,4854,4,64,246277,1,1,592287855327612928
HM108,4908,7,74,477660,3,3,593101875710275584
HM109,4949,40,68,231313,3,3,592141687754883072
HM110,4984,19,62,436765,4,4,592344160969084928
HM111,5028,40,65,382298,1,1,593201567072911360
HM112,5060,56,69,327288,4,4,593351139644428288
HM113,5096,19,61,299191,3,3,592700205948100608
HM114,5152,57,70,463451,1,1,592331630808735744
HM115,5202,35,72,347235,3,2,592891741746921472
HM116,5258,59,66,465165,4,4,592344582983057408
HM117,5314,47,72,366708,1,2,592749758839713792
HM118,5371,2,72,408463,1,1,592342908335820800
HM119,5410,20,79,402039,4,4,593198868206133250
HM120,5454,49,71,147424,3,3,592294974500241410
HM121,5503,46,72,184228,3,3,592344371762106368
HM122,5541,56,72,324684,3,3,593459468429492224
HM123,5599,50,67,303886,4,4,591915487350493184
HM124,5629,54,61,342907,3,3,592632615288573953
HM125,5684,0,78,321313,4,3,593745459874631680
HM126,5734,42,68,451734,3,1,592326564110585856
HM127,5771,14,60,211566,3,3,592735113785581568
HM128,5823,40,63,306492,3,3,592273906817458176
HM129,5865,48,66,440131,3,3,593359092892176384
HM130,5920,43,73,345036,3,3,593831023286288386
HM131,5980,52,75,384855,2,2,592903934806720512
HM132,6018,34,76,386066,3,3,592377791410089984
HM133,6062,26,63,274687,4,4,592684006644260864
HM134,6098,47,70,133548,3,3,592690177681825794
HM135,6149,13,67,360885,4,3,592186519441383425
HM136,6198,30,64,122537,1,1,599933903894355969
HM137,6254,58,76,246783,1,1,592194508181245952
HM138,6308,13,73,112159,3,3,592353726817443841
HM139,6368,41,66,290760,3,3,592312447643602945
HM140,6427,5,61,142734,1,1,593701932021194752
HM141,6484,59,64,448280,3,2,592908506182918146
HM142,6518,54,69,202193,4,4,593271874689175552
HM143,6549,33,77,498367,4,4,592183258282098688
HM144,6593,45,76,119354,3,3,592342304427417601
HM145,6633,34,61,213756,2,2,593660512543514624
HM146,6690,10,60,338579,3,3,592657046941597696
HM147,6744,25,77,240051,4,4,592674121022078976
HM148,6787,49,67,328916,3,3,593801438700122112
HM149,6834,16,66,226383,4,4,591959492209856512
HM150,6882,18,75,282117,3,3,593117322514014209
HM151,6939,44,64,185452,3,3,593355314998550528
HM152,6969,38,75,103579,1,1,591934166398332928
HM153,7014,24,69,426784,1,4,592689834898137090
HM154,7064,21,63,307673,3,4,592147611894833152
HM155,7108,48,69,430191,2,2,593121566726074368
HM156,7166,12,76,150547,3,2,593785562865082368
HM157,7225,20,79,373271,1,1,592824371703590913
HM158,7280,10,72,102042,1,1,593283759685832704
HM159,7324,17,75,452215,4,4,592126024437125121
HM160,7381,4,65,418491,3,3,592137589601267713
HM161,7413,16,69,177650,3,3,592208483929296896
HM162,7463,4,64,464262,3,3,593160485689778177
HM163,7501,34,71,188399,1,1,593122765546205184
HM164,7538,4,68,128928,4,4,591928084766412800
HM165,7589,0,66,330006,3,4,592113856547131392
HM166,7642,5,62,363599,4,4,592367611427586048
HM167,7699,9,79,138068,2,3,592343015756169216
HM168,7735,50,72,121314,3,2,592699807615086592
HM169,7792,41,67,483427,1,1,592335911683104768
HM170,7847,31,65,332876,4,3,592875153484316674
HM171,7886,21,77,317487,3,3,593025123826864128
HM172,7917,7,63,349565,3,3,592631425242763265
HM173,7970,31,73,229857,4,4,592117211478753280
HM174,8025,31,70,334701,3,3,591990042198835200
HM175,8069,30,78,339162,4,4,592208474764902400
HM176,8104,32,76,496121,4,4,592343586336681985
HM177,8138,32,67,187837,1,1,591940962424889344
HM178,8179,29,72,345461,1,1,593395116066242560
HM179,8232,5,68,426143,4,4,592700322964996098
HM180,8271,12,60,166453,3,3,593156830534078464
HM181,8301,4,67,121324,3,3,600034425129271297
HM182,8352,26,71,473125,4,4,592338885927182337
HM183,8405,35,76,436761,3,3,591909208620142592
HM184,8440,52,79,219604,4,4,592700345656172544
HM185,8487,24,79,414847,3,3,593149954794921987
HM186,8529,23,61,315770,2,3,593296832060489729
HM187,8574,58,76,199786,4,4,592763915353858048
HM188,8604,30,64,273005,1,4,592700919109791744
HM189,8653,22,69,202032,3,3,593466034495082496
HM190,8691,55,70,422696,4,4,600447008835543040
HM191,8738,38,76,339237,1,1,592358000112861186
HM192,8781,13,74,133601,3,3,593442271292305408
HM193,8829,49,74,297075,4,4,592162156025610240
HM194,8862,43,79,247045,1,1,593183136294436864
HM195,8903,8,70,432131,3,3,592343878474293250
HM196,8952,29,63,277086,3,3,592342680144719873
HM197,9005,32,63,453322,1,1,592909332750143493
HM198,9046,47,76,338966,4,4,592670963340353537
HM199,9076,24,64,223389,4,4,600481398944768000
HM200,9128,21,67,463164,1,1,592821756462821378
HM201,9173,35,74,358991,3,3,600101493753171969
HM202,9223,32,67,220599,3,3,592343665844051968
HM203,9257,33,63,188003,1,1,592913342575943681
HM204,9300,22,67,238215,4,3,593324254986276864
HM205,9357,12,71,197308,3,3,591975137227870211
HM206,9413,51,72,368803,4,1,592327306909069312
HM207,9452,52,76,114347,1,2,592698937804509184
HM208,9501,54,64,183583,2,2,592684312153174016
HM209,9533,4,73,366825,4,3,592357231649161217
HM210,9588,37,77,303953,1,1,591992442049560577
HM211,9626,19,72,419902,4,4,592950303982559232
HM212,9666,58,75,227888,4,4,593312043748331521
HM213,9725,38,65,299881,1,1,593029346534686721
HM214,9771,43,76,349500,3,3,593188602860941312
HM215,9828,37,62,409213,3,3,592258346163441665
HM216,9864,49,73,332228,1,1,592340951357468672
HM217,9917,12,60,496322,4,4,592672862101741568
HM218,9977,53,67,374364,2,2,592322469874237440
HM219,10009,22,60,156356,3,3,593005207371390976
HM220,10046,16,68,271878,3,2,592874066094202880
HM221,10080,23,64,132637,3,3,592344738361028608
HM222,10117,59,66,193458,3,3,592655380167139328
HM223,10156,9,71,256092,1,1,593073343999377409
HM224,10188,23,72,105847,4,4,592269963685048322
HM225,10245,51,68,485906,3,3,593186080314290177
HM226,10282,29,61,340639,2,2,593110310808133632
HM227,10340,11,64,276776,1,1,591989866990174209
HM228,10393,10,70,189926,4,4,592656993615228929
HM229,10428,56,66,129803,3,3,592684424749305856
HM230,10479,49,60,101930,3,3,592344307626946560
HM231,10532,44,69,478888,4,3,592707878919786497
HM232,10565,20,76,250011,3,3,592620264330010624
HM233,10599,2,75,391848,3,3,592155361701953537
HM234,10640,41,60,209652,3,4,593110560872341504
HM235,10672,51,73,499162,3,3,592267523967483904
HM236,10715,13,64,373095,4,3,592342011992236032
HM237,10759,6,60,320514,3,3,592680034718130178
HM238,10809,21,70,219118,3,3,592353565483597824
HM239,10856,15,69,324212,1,1,593305199890079744
HM240,10900,23,63,247064,4,4,592340850090225666
HM241,10936,24,63,447015,3,3,593164532740141056
HM242,10984,14,67,389565,3,3,592131684201431040
HM243,11028,58,77,319734,4,4,591928379693211648
HM244,11084,2,62,369662,1,1,593396270741479424
HM245,11135,43,77,374287,4,4,592343637272367104
HM246,11187,46,69,164292,1,1,592343566950608896
HM247,11234,25,71,478616,4,4,592376053286375424
HM248,11275,57,79,334725,1,1,593187654511960065
HM249,11313,59,74,184250,3,3,593602279120379904
HM250,11356,13,66,473134,3,3,593115676107149312
HM251,11403,11,73,274170,2,2,593181531432198144
HM252,11444,9,73,463741,3,3,593355409450278912
HM253,11478,6,76,269863,3,2,593354112604835840
HM254,11511,20,70,439753,3,3,592344708896169984
HM255,11542,13,65,354528,3,3,592692001361002499
HM256,11578,4,71,212805,3,3,592688864516567043
HM257,11620,32,64,225041,3,3,592226630480834560
HM258,11658,38,71,483836,1,1,592344841859674115
HM259,11693,49,74,331837,3,3,592203704301846529
HM260,11732,22,75,179859,1,1,592343136921227264
HM261,11784,16,79,306993,4,4,592153214650359808
HM262,11823,33,62,260752,3,3,592089569396281344
HM263,11881,31,64,331691,4,4,592337496639287297
HM264,11928,54,76,145653,4,4,593276690635227136
HM265,11962,30,71,447682,3,3,592269113742925824
HM266,12022,51,63,326245,4,4,592732198521982979
HM267,12079,5,70,457504,2,2,592868455021412353
HM268,12133,55,72,389061,4,3,592115412529127424
HM269,12167,24,67,212122,3,3,593440864896028672
HM270,12221,56,65,375054,2,2,592176468601409536
HM271,12272,7,75,287230,4,4,592344157873696769
HM272,12325,35,79,102875,4,4,592137499322941440
HM273,12377,33,62,464843,1,1,593170319407521793
HM274,12425,30,69,492988,4,4,593042251401461760
HM275,12465,14,67,493068,4,4,593798614020968448
HM276,12523,2,63,224004,1,1,592343508209553410
HM277,12583,8,68,131007,1,2,592149334994518016
HM278,12634,6,64,396554,4,4,592234977267355648
HM279,12675,35,79,146890,3,3,592851099234738177
HM280,12720,31,64,470641,3,3,593739709458681856
HM281,12767,24,73,355205,4,3,593248695489044481
HM282,12799,51,69,412067,4,4,592088814279139328
HM283,12831,22,74,422330,3,3,600022444628283392
HM284,12876,25,72,309296,4,3,593832938799673344
HM285,12923,3,79,258102,4,4,593325003082432512
HM286,12959,0,70,315464,1,3,592272191745490944
HM287,12997,56,64,496720,3,3,592697717467586561
HM288,13031,12,68,157509,1,1,592600384452997120
HM289,13089,10,72,268951,3,3,593359308944879616
HM290,13134,45,66,252829,1,1,592384707205144576
HM291,13172,50,62,397320,2,3,592651449001095169
HM292,13226,9,64,429001,3,3,593824046111830017
HM293,13285,32,63,217359,1,1,592663891911516160
HM294,13324,11,76,372474,3,4,591954283412631553
HM295,13381,34,73,210377,2,2,593157615279968256
HM296,13434,17,78,365409,2,3,592913734185652224
HM297,13488,19,76,463370,4,4,592342776181858304
HM298,13534,36,63,372572,3,3,593077445672112128
HM299,13592,55,72,208544,3,2,592746963839406081
HM300,13626,50,78,239817,3,1,591960470283771904
HM301,13658,0,71,457329,3,3,593377856434089984
HM302,13717,13,73,492082,2,3,592344945849139200
HM303,13762,53,75,416342,3,3,592344855935758338
HM304,13804,35,61,234519,3,3,592277507698720768
HM305,13856,17,79,263494,3,3,592330486069891073
HM306,13895,31,76,174852,4,4,592085562904813568
HM307,13944,58,78,214088,2,3,592344802957651968
HM308,14000,26,61,367487,4,4,592336650098708480
HM309,14054,1,76,170245,3,3,592278369909125120
HM310,14087,34,76,167676,3,3,592243314809704450
HM311,14147,48,68,462229,3,3,593324598315192320
HM312,14199,48,63,490110,1,1,592406962643574784
HM313,14250,42,75,462812,3,3,592375750193389568
HM314,14285,13,63,330209,3,3,593144673121783808
HM315,14343,28,64,124082,3,3,592176604324888576
HM316,14385,29,73,148056,3,3,592344734544240640
HM317,14444,43,78,331442,4,4,592843696565002240
HM318,14481,5,78,109447,3,3,592332971920658432
HM319,14513,5,65,151795,3,3,593422674040397824
HM320,14569,30,60,340483,1,1,592308789925289984
HM321,14617,4,79,241576,4,4,592247094397640704
HM322,14659,47,76,116859,4,3,592701122197987328
HM323,14719,28,66,428309,3,3,592342064488128512
HM324,14779,59,61,120977,3,3,593188232889761792
HM325,14809,13,65,153090,4,2,593830739436818432
HM326,14858,28,66,264977,1,1,592160377519017984
HM327,14913,53,66,333960,3,3,593296678490365953
HM328,14964,17,70,279316,3,3,592657983911366657
HM329,15012,14,69,195914,4,4,592370762121609216
HM330,15058,34,66,431585,1,1,593830956856905730
HM331,15104,37,64,475657,3,3,592162497303449600
HM332,15143,22,79,151758,3,3,593161376341852161
HM333,15177,49,65,496112,1,1,591933544424935425
HM334,15219,7,62,447333,3,3,592589121878630400
HM335,15270,40,77,150785,1,3,592341761562955777
HM336,15329,31,72,262001,4,4,592342104946257922
HM337,15388,56,78,385041,3,2,592690407600971776
HM338,15424,47,65,441192,3,3,592343048362786816
HM339,15454,50,63,226726,3,3,593024071736139777
HM340,15514,53,70,160538,3,3,591988823069888512
HM341,15564,1,68,394497,3,3,593802112397606914
HM342,15617,58,60,119227,4,4,592256577555529729
HM343,15672,6,68,182994,3,3,593828081774796800
HM344,15713,22,73,274330,2,3,592340255748988928
HM345,15769,15,76,409619,3,3,593159037396656130
HM346,15818,15,76,186261,4,3,592764906555973635
HM347,15867,5,73,395696,3,3,593465791783313409
HM348,15908,6,65,291301,3,3,597789995307413505
HM349,15948,16,68,353345,3,4,592340605130289152
HM350,15989,26,66,428079,3,3,593164168817201153
HM351,16041,14,75,328353,2,3,592640964633595904
HM352,16086,48,63,454172,2,1,592251295194484737
HM353,16116,1,72,293552,3,4,593178914480087040
HM354,16146,14,68,134726,3,3,592343937479643136
HM355,16181,58,64,483570,4,4,592344180359241728
HM356,16226,50,62,202836,3,3,593017270978408448
HM357,16274,53,75,394438,3,3,592262814682591232
HM358,16334,42,61,221944,3,3,593074564927598592
HM359,16388,31,69,153409,2,4,592646909074022400
HM360,16426,12,72,169747,4,4,591944948062113793
HM361,16471,48,77,393547,3,3,593798878077550592
HM362,16524,37,62,286811,4,4,592382316208500736
HM363,16581,53,73,329205,4,4,592270343391162368
HM364,16624,49,79,121434,4,4,592670203911217153
HM365,16676,53,63,197069,3,4,592139482150735872
HM366,16712,55,66,178911,3,3,592344953965121537
HM367,16756,0,75,468256,4,4,592329314328289280
HM368,16814,9,75,126051,4,4,592905148952924160
HM369,16855,34,71,400497,4,4,592174209851330561
HM370,16885,49,77,282773,3,3,592289464531034114
HM371,16939,52,70,303788,3,3,592084542132920320
HM372,16978,46,71,475996,2,1,592997903251025921
HM373,17021,52,68,228291,3,3,592329141199876097
HM374,17081,14,61,161253,4,4,591913016838508545
HM375,17123,49,73,315272,1,1,592344069789061120
HM376,17161,17,71,454857,2,1,592321120277135360
HM377,17198,2,61,482418,3,3,592335443141660672
HM378,17254,57,69,226306,3,4,592700669662011393
HM379,17290,33,70,354656,3,1,592912454734217216
HM380,17338,21,69,398852,3,3,593701523747667968
HM381,17375,22,78,194159,2,3,592204506013700096
HM382,17429,17,67,437051,3,2,593042055351246851
HM383,17481,44,64,170940,4,4,592343322477232128
HM384,17530,43,77,342017,4,4,592250013285224448
HM385,17573,22,62,391745,3,3,592700411204771840
HM386,17614,7,61,387702,4,4,593261012263964672
HM387,17673,19,68,206674,3,3,592339015283572736
HM388,17726,28,61,352849,4,4,592310653651562496
HM389,17768,48,70,446200,4,3,593258471111274496
HM390,17798,21,71,472234,3,3,593186627981340673
HM391,17831,29,67,109749,4,1,593501343035207682
HM392,17874,32,63,411495,1,1,592329391495053312
HM393,17918,8,69,399362,3,3,592329784983556096
HM394,17959,36,68,268105,1,1,592291575906082816
HM395,18019,25,73,483738,3,3,591921148994007040
HM396,18063,38,78,216380,3,3,600315569498259456
HM397,18117,44,75,265025,3,3,593184937047494657
HM398,18150,25,78,162734,2,1,592338431004397568
HM399,18191,21,61,224466,1,1,593115848136630273
HM400,18227,53,79,304854,3,3,592701098055598082
HM401,18261,45,67,234569,1,1,592333525103288320
HM402,18308,50,78,191654,3,3,592344880988299264
HM403,18342,43,72,431378,3,4,593609382119641088
HM404,18384,56,73,193943,3,4,591977887642746880
HM405,18435,52,60,173567,4,3,593694273242931200
HM406,18489,26,60,452820,4,4,593256947639398402
HM407,18536,56,78,493024,4,4,593014290585657344
HM408,18584,43,67,379899,4,4,591986639817216000
HM409,18623,46,72,300527,3,3,592694922144260096
HM410,18679,25,76,315786,1,1,591975610655776769
HM411,18714,23,69,280769,3,3,592339030618021888
HM412,18766,16,79,437253,4,4,592377513512316928
HM413,18798,4,68,174940,3,3,592326110379126787
HM414,18846,39,60,310152,3,3,592689853441167362
HM415,18883,56,62,385843,2,2,592337866904051713
HM416,18921,56,68,257772,1,1,592175527277953027
HM417,18961,24,61,317878,3,3,592737382274879489
HM418,19015,48,77,374203,3,2,593760241919074304
HM419,19069,41,73,494202,3,4,592198410477772800
HM420,19106,17,61,343515,3,2,592343766029185024
HM421,19152,36,78,490004,3,3,593107718619140096
HM422,19184,13,78,183403,2,2,593333859506331648
HM423,19241,54,75,396013,4,4,592740825391575041
HM424,19300,46,76,227432,2,3,592344535268593664
HM425,19341,39,60,214704,2,3,592372900960858112
HM426,19387,42,70,324395,3,3,593184365477265408
HM427,19433,55,60,217454,1,1,591987116470444032
HM428,19486,51,66,187456,3,4,592665039955460096
HM429,19518,27,70,362860,3,4,592673035221671936
HM430,19564,8,69,466754,3,3,593760928572657665
HM431,19620,55,71,169086,3,3,592778333542289408
HM432,19668,51,73,117721,3,3,593463999229988866
HM433,19715,35,72,233364,3,4,593805268217044992
HM434,19746,25,75,450545,3,3,592328577376456704
HM435,19804,12,77,106219,1,1,592258335253999616
HM436,19839,16,64,491966,3,3,593166631301304320
HM437,19879,55,77,291635,3,3,592267197944205312
HM438,19929,20,75,346096,1,4,593030724678193152
HM439,19973,10,79,263007,3,3,593817252006338560
HM440,20020,59,74,184758,1,1,593707771008131073
HM441,20068,53,66,362014,4,4,592343104021262336
HM442,20102,57,66,423902,2,2,593254575668203520
HM443,20132,33,69,158942,3,3,592623219825373184
HM444,20191,5,68,276534,4,3,592344660972085248
HM445,20246,55,79,331188,1,1,592265829288312832
HM446,20280,18,71,384980,3,3,593440530542931968
HM447,20330,47,74,442827,3,3,592373114668855296
HM448,20375,43,73,229066,1,1,591939212200423424
HM449,20427,59,61,445508,4,3,593106598907748353
HM450,20461,2,76,188580,4,4,591919579556786176
HM451,20512,57,78,256103,3,3,592690229166866432
HM452,20564,2,68,481696,3,1,592170440459743232
HM453,20624,9,72,407647,3,3,592341681359462401
HM454,20662,2,63,130298,3,3,592404629402562561
HM455,20705,13,63,266887,3,3,592109590625558529
HM456,20739,52,78,123235,4,4,592872744095744000
HM457,20769,57,66,267162,2,2,591989002913316865
HM458,20800,20,76,413113,2,3,591939674328813568
HM459,20843,41,71,151634,4,4,592181225688682496
HM460,20878,19,68,410202,1,1,593181573664612352
HM461,20931,53,73,421801,4,4,593097361972457472
HM462,20966,47,65,224590,3,3,592341270850211841
HM463,21015,30,68,106883,4,4,591992433736601600
HM464,21061,19,71,249624,2,2,591984998758002689
HM465,21101,8,74,248939,3,4,593662200578904064
HM466,21144,44,68,375171,1,1,592339797911343104
HM467,21204,34,70,478414,3,3,592344291483222016
HM468,21263,22,62,339918,3,3,592334786091307009
HM469,21301,53,79,257769,1,1,593057730371440640
HM470,21360,17,61,359392,3,3,592872096914644992
HM471,21396,2,77,163925,3,3,592188336950804480
HM472,21450,23,73,274133,4,4,592188182889943042
HM473,21490,30,63,270335,3,3,591975655312478208
HM474,21540,10,64,492098,3,3,592750556873121794
HM475,21590,13,62,183808,3,3,592343385085607936
HM476,21646,4,64,159195,1,1,593749452034285568
HM477,21687,57,77,347223,1,1,592272783587078144
HM478,21746,52,79,352696,3,3,592343436650356736
HM479,21803,29,72,157080,4,4,592123165310062592
HM480,21833,52,70,182445,1,1,592305241837600768
HM481,21866,53,79,276340,4,4,599911736435609600
HM482,21899,27,65,233943,4,3,592342125720666112
HM483,21949,49,68,120485,3,2,592344738717569025
HM484,21990,41,73,219009,3,3,592689948316278784
HM485,22024,45,63,240685,3,4,593796721089454082
HM486,22056,51,60,430054,3,4,592256527152484352
HM487,22114,15,60,319478,4,4,593727964786905088
HM488,22162,23,79,331976,4,4,592343533341671424
HM489,22193,32,75,305567,3,1,591972670918496256
HM490,22231,42,65,232317,3,4,592673231385055233
HM491,22281,39,61,362048,1,1,591960518467952641
HM492,22319,45,71,314233,3,3,592344308486836224
HM493,22372,43,72,419657,4,4,592685210304696321
HM494,22410,4,68,284496,3,3,593044803878670338
HM495,22459,20,71,121974,4,4,592618328641810433
HM496,22492,8,65,317655,3,3,592696255719022593
HM497,22547,59,74,498477,3,3,592083813594968064
HM498,22599,45,71,195016,2,2,593076236894613504
HM499,22645,30,78,195670,3,1,591973543249899521
HM500,22695,42,60,249625,2,3,593188404340379648
HM501,22726,7,64,471669,4,4,592879828547858434
HM502,22774,11,60,283367,3,1,592343682784854016
HM503,22818,39,69,488368,1,3,591930922426994689
HM504,22849,49,62,133277,2,2,592344746636378113
HM505,22879,41,75,480341,1,1,592339713131970560
HM506,22922,48,63,105737,3,3,593776071436271616
HM507,22974,24,64,483992,4,4,592889233666404354
HM508,23025,19,75,337454,2,2,592752900960563202
HM509,23060,30,61,353209,4,4,593829013040173057
HM510,23094,20,71,182828,1,1,593346692034011136
HM511,23131,13,62,468784,3,3,592342768711704576
HM512,23172,6,79,420873,3,3,593138710750883840
HM513,23206,49,78,190257,3,3,593108456229445633
HM514,23236,26,71,110023,3,3,592832197905805312
HM515,23277,24,75,439368,3,3,592792978642608128
HM516,23309,6,74,189281,3,3,593115206252949504
HM517,23345,58,64,113573,1,1,592143164183482368
HM518,23381,32,79,351947,3,3,592701088677134338
HM519,23422,35,60,200440,2,1,592309922089467904
HM520,23464,37,78,152799,3,3,593152175313915905
HM521,23495,7,72,494612,3,4,593077405322903552
HM522,23539,34,66,268283,3,3,592912027527569408
HM523,23597,38,66,269780,2,2,592592007492554752
HM524,23654,4,79,219310,3,3,593187759491313665
HM525,23688,44,64,212023,4,4,592332031150804992
HM526,23727,37,78,207412,4,4,592272759058735105
HM527,23777,52,63,188085,3,3,592590231519555584
HM528,23807,45,78,193964,1,1,593112804263067649
HM529,23854,20,69,139554,3,3,593180666709319680
HM530,23909,8,77,490377,3,3,593156327259639809
HM531,23963,51,66,427982,3,4,593355567978020864
HM532,23994,35,75,227866,3,3,593227960590577665
HM533,24032,45,78,349569,3,3,592689836856844288
HM534,24064,49,72,147150,3,3,592316315366359040
HM535,24109,35,71,450462,3,3,593811048601366528
HM536,24168,11,75,466095,3,4,592735133184163840
HM537,24222,29,78,315789,3,3,592344648397426690
HM538,24275,54,78,163340,2,2,592627603317641216
HM539,24328,11,78,240845,3,3,593463530441048065
HM540,24368,58,77,394680,3,3,593380623923941376
HM541,24428,8,78,241212,3,3,593656131223846914
HM542,24462,42,78,363530,1,1,593028888600674305
HM543,24496,36,69,488175,3,3,593273575198494722
HM544,24537,52,68,387062,1,1,592900556856958979
HM545,24581,15,71,197090,3,3,593515635608457217
HM546,24621,16,70,409342,4,4,592645460952682496
HM547,24665,11,70,242416,3,3,592705318456549376
HM548,24722,39,61,172121,3,3,593102231106416640
HM549,24766,16,60,440156,3,3,592698206007463936
HM550,24808,55,67,114921,4,3,592881607083741184
HM551,24857,17,78,277387,1,1,592137869482799104
HM552,24889,2,66,272293,3,3,592341066696785920
HM553,24946,15,63,131681,3,4,593188767223123968
HM554,25004,49,74,277952,3,3,592312130222841856
HM555,25034,10,71,411945,3,3,592154823753015296
HM556,25083,14,71,194647,4,4,592979541477330944
HM557,25143,8,73,159477,1,1,592367690632667136
HM558,25176,48,73,424006,3,3,592359685774188544
HM559,25210,40,75,231471,3,3,592606987277475840
HM560,25243,38,71,143608,3,3,592841905546907651
HM561,25301,20,70,305867,1,3,592700814180937730
HM562,25345,48,79,299004,1,2,592911366425567232
HM563,25404,11,72,450819,3,3,592310370347257856
HM564,25436,24,65,311386,3,3,597724832265052160
HM565,25487,12,76,457650,1,1,592927947910164480
HM566,25536,27,75,103744,4,3,593458268036419584
HM567,25582,23,72,380666,3,3,592182910997794816
HM568,25631,55,66,424363,4,4,592341030596452353
HM569,25664,30,73,320589,4,4,592116214740099073
HM570,25694,4,76,243272,3,3,593188403669127169
HM571,25743,13,77,320532,4,4,592298695661490176
HM572,25798,9,70,283218,3,3,593117988397707264
HM573,25855,38,61,137834,3,3,592289413343924224
HM574,25909,58,70,164330,1,1,593289332741378048
HM575,25953,12,70,324003,3,3,592932042247110657
HM576,26011,54,73,259642,3,3,593825567948038144
HM577,26042,55,60,490989,4,3,592266195606188033
HM578,26092,8,79,281011,1,1,592322615710089216
HM579,26137,3,63,422374,1,1,592806853987463170
HM580,26188,58,75,340923,3,4,593005013066219520
HM581,26244,55,60,461994,4,4,592320944292700160
HM582,26279,15,79,114189,1,1,592261920788500480
HM583,26333,9,77,347855,1,1,592686635520827393
HM584,26363,53,71,270975,3,3,592692601104572416
HM585,26407,41,66,343100,3,3,593817582685310977
HM586,26439,54,69,295604,3,3,592320518155407361
HM587,26476,7,70,167187,3,3,593185480088428545
HM588,26535,1,63,481010,1,2,593159571809705985
HM589,26577,34,75,243132,3,3,597721513018687488
HM590,26627,0,72,338286,3,3,592108836657311744
HM591,26686,15,73,171166,3,3,593358970552594432
HM592,26745,19,62,374285,3,3,592374985689145344
HM593,26777,58,78,499917,1,1,593151641898995714
HM594,26817,55,70,276075,1,1,593780878779645954
HM595,26877,21,69,431605,3,3,593785051071942656
HM596,26930,47,60,297514,3,1,593045422085525504
HM597,26973,54,74,458564,3,3,592309003260022785
HM598,27005,23,76,493019,3,3,600504152712564736
HM599,27055,58,77,292174,3,1,592592940729401344
HM600,27090,51,63,266033,3,3,592697370929930241
HM601,27148,36,62,109567,3,3,592341469467439107
HM602,27186,18,64,497498,2,2,593152820607643649
HM603,27229,14,69,249341,1,1,592322615710089216
HM604,27276,20,61,343784,3,3,593422674040397824
HM605,27321,53,61,266022,4,4,592376053286375424
HM606,27368,11,68,466547,1,1,592305241837600768
HM607,27422,21,71,466876,4,4,591919579556786176
HM608,27467,57,60,330738,1,1,593122765546205184
HM609,27507,40,66,357713,3,3,593776071436271616
HM610,27550,48,70,428682,3,3,593188232889761792
HM611,27604,5,76,344954,3,3,592692601104572416
HM612,27651,27,71,428887,2,3,592344945849139200
HM613,27695,46,69,302935,3,1,592326564110585856
HM614,27754,15,62,254290,3,3,592155361701953537
HM615,27791,52,63,406145,3,2,592332699869806592
HM616,27835,57,69,231694,3,3,593817582685310977
HM617,27894,28,77,247688,4,4,592270343391162368
HM618,27949,23,75,475835,3,3,593440864896028672
HM619,27996,28,68,116906,4,3,592186519441383425
HM620,28027,12,71,231727,4,4,593014290585657344
HM621,28074,4,60,241517,4,4,592370762121609216
HM622,28115,25,68,413379,4,4,592337496639287297
HM623,28175,22,65,458870,4,4,592652666901168128
HM624,28222,43,75,170968,3,3,592344738361028608
HM625,28269,9,67,415891,2,3,592340255748988928
HM626,28318,46,65,295647,4,4,592342104946257922
HM627,28360,9,60,119362,2,2,592868455021412353
HM628,28397,6,68,251147,1,1,592406962643574784
HM629,28442,55,62,268313,3,3,593188602860941312
HM630,28484,56,68,210383,3,3,592267523967483904
HM631,28539,19,65,284124,3,3,593017270978408448
HM632,28598,40,67,195231,2,3,592640964633595904
HM633,28642,12,66,418812,3,4,592700669662011393
HM634,28692,3,61,486068,1,1,592909332750143493
HM635,28728,13,68,268247,3,3,593101875710275584
HM636,28776,50,71,367535,3,3,593305362746322944
HM637,28810,49,65,285040,3,2,593354112604835840
HM638,28842,58,62,286007,4,3,593106598907748353
HM639,28878,51,66,159788,4,3,592342125720666112
HM640,28909,50,60,329138,3,3,593152175313915905
HM641,28965,33,69,378054,3,3,593044803878670338
HM642,29001,0,75,438202,1,1,592883809391083520
HM643,29059,43,67,430777,3,3,593656131223846914
HM644,29093,28,73,370732,1,1,592333525103288320
HM645,29143,48,74,393234,3,3,592632615288573953
HM646,29203,35,78,151357,3,4,592340605130289152
HM647,29236,20,75,272270,1,4,592700919109791744
HM648,29266,53,79,184347,4,4,592349417115553792
HM649,29304,34,60,436021,1,1,599933903894355969
HM650,29345,30,62,456533,3,3,593102231106416640
HM651,29390,16,63,214519,3,3,592339203234619392
HM652,29421,4,62,323073,1,1,592258335253999616
HM653,29453,6,62,402188,4,4,592188182889943042
HM654,29502,56,62,336190,3,1,592592940729401344
HM655,29534,3,67,315718,1,1,593395116066242560
HM656,29565,57,71,165196,3,4,592645260880281600
HM657,29606,2,67,496654,2,3,592913734185652224
HM658,29638,29,61,154806,4,4,592183258282098688
HM659,29672,24,74,179325,2,2,593157615279968256
HM660,29704,3,70,186678,4,4,593351139644428288
HM661,29749,55,74,173040,3,4,593609382119641088
HM662,29787,50,77,230179,1,1,592384707205144576
HM663,29842,39,77,111994,3,3,592697717467586561
HM664,29889,44,69,323563,2,2,593082426298994689
HM665,29929,30,73,224995,1,4,593030724678193152
HM666,29983,58,64,248974,4,4,591915487350493184
HM667,30019,51,71,415699,3,3,592697370929930241
HM668,30057,0,74,371010,3,3,593701523747667968
HM669,30091,16,79,336418,3,1,592343682784854016
HM670,30129,26,66,272519,4,4,593691981345202176
HM671,30171,39,72,497550,3,3,592341681359462401
HM672,30226,17,64,305731,2,2,592176468601409536
HM673,30267,34,67,400309,1,1,592087968031969280
HM674,30320,6,78,480755,1,1,592171131743776768
HM675,30376,38,66,104668,4,1,593501343035207682
HM676,30409,44,68,116892,3,3,592289464531034114
HM677,30461,44,60,498457,4,4,592332031150804992
HM678,30515,20,60,354736,3,3,592872096914644992
HM679,30555,4,78,262288,3,3,593830138816679936
HM680,30610,2,64,394482,1,1,592663891911516160
HM681,30664,27,75,213692,2,2,592320522660106240
HM682,30699,8,63,172047,3,3,592701098055598082
HM683,30734,9,67,134851,4,4,592269963685048322
HM684,30783,48,61,444203,3,3,600315569498259456
HM685,30825,51,77,251012,4,4,593727964786905088
HM686,30861,36,76,149136,3,3,592343878474293250
HM687,30921,6,75,181792,1,1,592751611631513601
HM688,30958,12,78,423511,4,4,592763915353858048
HM689,30993,54,69,250406,3,3,593359092892176384
HM690,31038,41,60,177084,3,3,597789995307413505
HM691,31079,14,79,267640,4,3,592115412529127424
HM692,31125,7,65,270529,3,3,592612974302367744
HM693,31165,32,77,234903,3,4,593110560872341504
HM694,31209,40,75,258215,3,3,592341270850211841
HM695,31253,36,68,382115,3,3,591939569093713920
HM696,31299,39,62,328932,1,1,592342908335820800
HM697,31357,13,68,230193,3,3,592344648397426690
HM698,31393,0,76,353848,3,2,592344738717569025
HM699,31435,8,63,404579,4,4,592672862101741568
HM700,31489,30,71,116183,2,2,593076236894613504
HM701,31547,43,62,148833,3,3,593798878077550592
HM702,31585,43,78,425928,4,3,592875153484316674
HM703,31644,35,67,121237,3,3,593466034495082496
HM704,31702,45,79,310564,1,1,593396270741479424
HM705,31740,29,64,120123,4,3,592764906555973635
HM706,31785,42,60,467397,3,1,592170440459743232
HM707,31837,2,61,214129,3,3,593739709458681856
HM708,31876,53,65,167590,4,4,592208474764902400
HM709,31912,48,74,272325,1,1,592358000112861186
HM710,31947,45,69,277726,2,3,592601585475145728
HM711,31991,51,79,450661,3,3,593074564927598592
HM712,32036,55,73,482191,3,3,592343900179730432
HM713,32088,32,73,292985,1,1,592913342575943681
HM714,32129,24,72,353872,3,3,593440530542931968
HM715,32174,31,78,394744,2,1,592338431004397568
HM716,32223,2,67,302855,1,1,591989866990174209
HM717,32276,55,77,184400,4,4,592250013285224448
HM718,32321,10,60,288112,3,3,591909208620142592
HM719,32356,55,72,343660,3,3,593164532740141056
HM720,32387,17,69,466035,3,3,592335443141660672
HM721,32432,31,70,228153,3,3,592309003260022785
HM722,32487,2,76,103089,4,3,593258471111274496
HM723,32534,1,67,407659,1,1,591933544424935425
HM724,32565,6,67,496214,3,3,592344308486836224
HM725,32598,6,69,158904,3,3,592374985689145344
HM726,32653,31,69,288350,2,3,592343015756169216
HM727,32692,8,66,198709,1,3,592341761562955777
HM728,32747,15,76,428701,1,1,592332945320382464
HM729,32782,14,63,493147,2,3,592344535268593664
HM730,32840,17,77,293339,1,1,592339713131970560
HM731,32875,51,69,402809,3,3,592340548482048000
HM732,32925,44,72,430774,4,4,592863475426316289
HM733,32968,56,73,388181,3,3,592141073071349760
HM734,33002,51,69,139375,3,4,592113856547131392
HM735,33042,12,71,362053,3,3,593459468429492224
HM736,33085,51,66,270272,3,4,593796721089454082
HM737,33122,2,74,256778,4,4,592340850090225666
HM738,33165,22,70,408042,3,4,591977887642746880
HM739,33198,6,66,273659,3,3,593442271292305408
HM740,33247,42,61,498550,3,3,593188403669127169
HM741,33306,35,60,287216,3,2,593042055351246851
HM742,33347,51,70,305273,3,4,592673231385055233
HM743,33390,38,64,254127,3,3,592750556873121794
HM744,33440,9,68,129730,4,3,592344660972085248
HM745,33498,53,65,103776,3,3,592089569396281344
HM746,33534,12,61,399016,3,4,592665039955460096
HM747,33568,56,71,167583,3,3,592657983911366657
HM748,33608,38,75,359310,2,3,593188404340379648
HM749,33667,17,67,355488,4,3,592174200460341249
HM750,33713,15,62,159864,4,4,591992433736601600
HM751,33745,16,73,237280,3,3,592342304427417601
HM752,33788,11,69,183848,3,3,593825567948038144
HM753,33848,58,64,128708,3,1,591972670918496256
HM754,33881,22,68,300763,4,4,592251563558752258
HM755,33918,53,69,495742,3,3,592694922144260096
HM756,33977,0,66,166482,2,2,591984998758002689
HM757,34008,36,60,212763,4,4,592343322477232128
HM758,34059,26,77,466607,1,1,592742935910850562
HM759,34105,52,73,485971,1,1,592265829288312832
HM760,34160,2,67,496309,4,4,593198868206133250
HM761,34218,52,77,102153,3,3,593358970552594432
HM762,34259,14,70,400959,3,3,593159037396656130
HM763,34298,11,77,167158,3,3,592344928111329280
HM764,34357,13,68,437597,1,1,591940962424889344
HM765,34405,19,77,422818,3,1,591973543249899521
HM766,34460,19,69,232488,3,3,593324598315192320
HM767,34490,20,63,437683,3,3,592700205948100608
HM768,34550,7,65,142672,3,3,592931363667345408
HM769,34593,32,79,390992,3,3,592330486069891073
HM770,34629,28,70,391608,3,3,591989932438073344
HM771,34679,24,71,418466,4,4,592344180359241728
HM772,34723,41,78,417590,3,3,592894785955966976
HM773,34775,7,63,246733,4,4,592344667942825984
HM774,34816,20,68,377912,3,3,592329141199876097
HM775,34855,45,61,177829,4,3,592266195606188033
HM776,34904,55,63,170820,3,3,593117322514014209
HM777,34962,0,61,354860,4,4,592872744095744000
HM778,34999,51,73,110676,3,4,593188767223123968
HM779,35048,45,72,294018,1,1,592821756462821378
HM780,35081,18,75,321823,2,2,593254575668203520
HM781,35116,55,72,460090,3,3,593602279120379904
HM782,35160,2,72,159968,3,3,592910523353669632
HM783,35191,51,75,253541,3,3,593801438700122112
HM784,35240,46,67,217877,2,3,592344802957651968
HM785,35287,33,73,195441,4,4,592732198521982979
HM786,35328,14,78,290562,3,3,592203704301846529
HM787,35381,17,70,392225,3,3,593149954794921987
HM788,35441,19,76,200362,1,1,593151641898995714
HM789,35499,34,63,267087,3,3,592141687754883072
HM790,35541,34,76,473128,3,4,592334866823294977
HM791,35589,52,74,273831,1,1,592143164183482368
HM792,35628,59,75,228564,3,2,592897910574055424
HM793,35660,56,60,448633,1,1,592329391495053312
HM794,35715,17,69,324384,3,3,592972521894387713
HM795,35757,58,73,293191,3,3,592154823753015296
HM796,35801,28,64,489196,3,3,592623219825373184
HM797,35843,44,63,462513,1,1,593201567072911360
HM798,35881,37,76,368357,3,3,592176604324888576
HM799,35932,28,63,367165,2,3,591939674328813568
HM800,35970,41,64,254306,4,4,592344157873696769
HM801,36000,14,78,461891,3,3,593077445672112128
HM802,36059,12,62,401218,3,3,592320518155407361
HM803,36110,7,78,191485,4,4,592320944292700160
HM804,36169,35,70,177417,3,1,593045422085525504
HM805,36224,49,74,288013,3,3,592294974500241410
HM806,36274,32,66,141591,1,2,593159571809705985
HM807,36334,33,64,367334,3,3,593115676107149312
HM808,36372,39,61,115511,1,1,592344069789061120
HM809,36406,54,69,269109,4,4,600447008835543040
HM810,36458,6,64,367124,3,3,593138710750883840
HM811,36509,36,66,360917,3,2,592950352883916800
HM812,36545,7,78,363195,3,3,592341469467439107
HM813,36605,41,62,118726,3,2,592343766029185024
HM814,36644,58,63,368384,4,3,592707878919786497
HM815,36704,52,64,406927,4,3,592881607083741184
HM816,36750,49,63,369359,1,1,593183136294436864
HM817,36785,54,61,455859,3,3,597724832265052160
HM818,36827,49,68,333111,4,4,593256947639398402
HM819,36861,50,79,425405,3,3,593184365477265408
HM820,36901,56,78,476703,3,3,593463530441048065
HM821,36948,15,64,281147,3,3,592701088677134338
HM822,37008,57,61,283935,3,3,593817252006338560
HM823,37068,45,67,344540,3,4,593662200578904064
HM824,37103,23,60,149330,3,4,593805268217044992
HM825,37153,55,64,412567,4,4,599911736435609600
HM826,37202,45,64,199997,1,1,592339797911343104
HM827,37243,58,73,234578,3,3,593160485689778177
HM828,37274,38,62,263348,1,1,592272783587078144
HM829,37321,59,71,464326,3,3,592262814682591232
HM830,37353,33,72,344928,3,3,592690177681825794
HM831,37408,57,75,281847,3,3,592696255719022593
HM832,37444,40,67,243094,3,3,593296678490365953
HM833,37498,49,60,257761,1,1,593112804263067649
HM834,37558,19,75,274284,3,3,592343048362786816
HM835,37603,50,64,198341,1,1,593073343999377409
HM836,37655,51,74,217433,4,4,592247094397640704
HM837,37697,23,71,303749,2,2,593463828576342019
HM838,37753,24,78,391094,3,3,592869879092482050
HM839,37804,40,71,335923,4,4,592312284975792130
HM840,37835,8,68,438054,4,4,592123165310062592
HM841,37876,59,76,312794,1,1,591989267968167936
HM842,37927,0,62,235513,1,2,592149334994518016
HM843,37972,10,61,152533,1,1,593057730371440640
HM844,38015,38,73,420140,2,2,592326613578067969
HM845,38058,49,67,439399,2,2,591989002913316865
HM846,38100,13,65,178834,4,4,591959492209856512
HM847,38146,38,68,393680,3,4,591954283412631553
HM848,38197,57,60,489971,4,4,592234977267355648
HM849,38235,9,70,172386,4,4,592700345656172544
HM850,38274,11,68,242461,1,1,593028888600674305
HM851,38319,15,67,118194,1,1,592335911683104768
HM852,38364,18,72,364562,3,3,592737382274879489
HM853,38409,35,74,231195,3,3,593156327259639809
HM854,38447,59,76,340884,4,4,592889233666404354
HM855,38499,49,62,488790,1,1,593283759685832704
HM856,38541,31,65,132861,1,1,591934166398332928
HM857,38589,37,61,113739,3,3,592343665844051968
HM858,38635,55,61,334334,2,3,592204506013700096
HM859,38689,57,66,139311,3,3,593161376341852161
HM860,38723,46,68,118649,3,3,593005207371390976
HM861,38757,47,61,112895,4,4,592666339547938818
HM862,38795,7,64,294232,3,4,592139482150735872
HM863,38855,18,67,277966,3,3,597666520702025728
HM864,38898,12,76,314875,3,3,593515635608457217
HM865,38928,48,71,273203,4,4,592085562904813568
HM866,38972,23,78,480799,4,4,592088814279139328
HM867,39010,3,61,475755,3,2,592312120894627840
HM868,39064,52,65,172853,4,3,592357231649161217
HM869,39094,55,69,473917,3,2,592746963839406081
HM870,39143,20,78,119437,1,1,592261920788500480
HM871,39174,57,71,273231,3,3,592344880988299264
HM872,39221,27,71,350797,3,3,593024071736139777
HM873,39275,19,71,297797,1,1,592137869482799104
HM874,39331,28,72,223983,4,4,592343533341671424
HM875,39364,30,60,309377,3,3,593273575198494722
HM876,39400,19,73,320111,3,3,592343803979124737
HM877,39434,38,75,111820,2,2,593333859506331648
HM878,39467,47,75,202202,3,3,593824046111830017
HM879,39497,50,74,145782,2,2,592752900960563202
HM880,39539,3,61,376142,3,2,592908506182918146
HM881,39583,23,65,282302,3,2,592891741746921472
HM882,39617,13,78,150328,2,1,592997903251025921
HM883,39673,52,69,412713,3,3,592329784983556096
HM884,39720,49,60,304755,1,1,592700771273187328
HM885,39774,16,74,353958,4,4,592674121022078976
HM886,39821,36,63,408617,4,4,592684006644260864
HM887,39867,12,76,215394,4,3,593248695489044481
HM888,39901,30,75,456899,3,3,592689948316278784
HM889,39943,58,64,142846,3,4,592256527152484352
HM890,39995,22,72,231141,1,1,592343136921227264
HM891,40032,14,75,152669,4,4,592685210304696321
HM892,40079,7,66,319481,4,4,592843696565002240
HM893,40128,21,68,152194,3,3,592084542132920320
HM894,40171,27,79,481254,3,3,593301158950805504
HM895,40231,40,79,410686,3,2,592699807615086592
HM896,40289,59,60,155378,3,3,593465791783313409
HM897,40338,19,77,423489,3,3,592343385085607936
HM898,40394,35,79,432086,3,3,592108836657311744
HM899,40448,59,67,151694,3,3,592346761919889408
HM900,40484,34,72,393096,4,2,593460334532374528
HM901,40521,32,67,145570,3,4,592198410477772800
HM902,40556,59,78,486414,1,1,592175527277953027
HM903,40589,57,69,393808,1,1,593305199890079744
HM904,40647,53,75,295419,3,3,593604958769061888
HM905,40689,11,79,121164,3,3,593108456229445633
HM906,40723,59,74,282107,3,3,593180666709319680
HM907,40762,47,62,294580,3,3,591975655312478208
HM908,40815,57,68,318134,3,4,593640712068968448
HM909,40856,24,70,473246,3,3,592841905546907651
HM910,40895,40,72,244477,3,3,592692001361002499
HM911,40943,50,72,126359,2,2,592592007492554752
HM912,40984,18,79,123325,1,1,592340951357468672
HM913,41027,49,74,278849,4,4,593325003082432512
HM914,41074,37,79,327437,3,3,592343436650356736
HM915,41114,57,61,301745,4,4,592670203911217153
HM916,41172,20,64,255941,3,3,593355409450278912
HM917,41223,20,71,470952,1,1,592308789925289984
HM918,41253,48,73,302129,3,3,593117988397707264
HM919,41308,2,69,428374,1,1,593115848136630273
HM920,41343,8,63,379821,4,4,592905148952924160
HM921,41389,10,66,155936,4,4,592116214740099073
HM922,41441,27,61,257527,2,4,592646909074022400
HM923,41478,22,79,144472,1,1,592277759575105536
HM924,41520,50,73,164847,3,3,593785051071942656
HM925,41578,57,62,236920,1,1,593181573664612352
HM926,41616,27,73,432304,3,3,592342768711704576
HM927,41649,34,74,283315,3,3,593302157639585792
HM928,41708,36,64,477684,3,3,592851099234738177
HM929,41750,23,64,254164,4,4,592342776181858304
HM930,41788,5,71,193913,4,3,593832938799673344
HM931,41846,52,78,378306,3,3,592324159067197440
HM932,41898,17,60,344330,3,3,592778333542289408
HM933,41950,43,70,294392,4,4,592344160969084928
HM934,42009,57,63,250942,3,3,600504152712564736
HM935,42041,39,69,179949,3,4,592735133184163840
HM936,42094,39,73,380754,1,1,593029346534686721
HM937,42142,42,64,147768,2,2,593110310808133632
HM938,42193,21,67,121869,3,3,592344307626946560
HM939,42241,41,70,116769,2,2,592322469874237440
HM940,42293,31,63,467762,1,4,592689834898137090
HM941,42345,46,77,380012,1,1,593830956856905730
HM942,42399,46,74,441844,3,3,592344291483222016
HM943,42439,35,61,497802,3,3,592763161259986945
HM944,42477,47,67,155483,3,3,593359308944879616
HM945,42521,3,73,380570,4,3,593444013878874114
HM946,42570,49,61,356423,4,4,592367611427586048
HM947,42610,57,62,423096,2,2,592337866904051713
HM948,42664,17,61,232241,3,3,592337847937544192
HM949,42715,34,64,486613,3,3,592705318456549376
HM950,42772,14,78,184011,4,4,593271874689175552
HM951,42821,33,77,440645,3,3,592316315366359040
HM952,42879,38,72,438995,3,1,591960470283771904
HM953,42922,54,61,292161,3,3,593097742978789376
HM954,42980,31,75,401200,3,3,593831023286288386
HM955,43031,37,74,432893,4,4,593829013040173057
HM956,43064,33,70,330871,4,4,592740825391575041
HM957,43103,55,61,447371,1,1,592900556856958979
HM958,43144,12,68,348174,4,4,591986639817216000
HM959,43197,11,70,269585,2,3,592651449001095169
